{
  "token_acc":1.0,
  "token_p":0.9994390351,
  "token_r":0.9997194389,
  "token_f":0.9995792173,
  "ents_p":0.7711375629,
  "ents_r":0.6406361505,
  "ents_f":0.6998552177,
  "ents_per_type":{
    "Disease":{
      "p":0.7133188955,
      "r":0.5956148282,
      "f":0.6491746736
    },
    "Chemical":{
      "p":0.8190796857,
      "r":0.6776230269,
      "f":0.7416666667
    }
  },
  "speed":13615.8338710418
}