{
  "token_acc":1.0,
  "token_p":0.9994390351,
  "token_r":0.9997194389,
  "token_f":0.9995792173,
  "ents_p":0.7342706503,
  "ents_r":0.6389030482,
  "ents_f":0.6832751853,
  "ents_per_type":{
    "Disease":{
      "p":0.662083015,
      "r":0.5877034358,
      "f":0.6226799186
    },
    "Chemical":{
      "p":0.7957899306,
      "r":0.6809656453,
      "f":0.7339137396
    }
  },
  "speed":13592.6283457258
}