{
  "token_acc":1.0,
  "token_p":0.9994390351,
  "token_r":0.9997194389,
  "token_f":0.9995792173,
  "ents_p":0.8356018464,
  "ents_r":0.719747171,
  "ents_f":0.7733596232,
  "ents_per_type":{
    "Disease":{
      "p":0.76523647,
      "r":0.7095388788,
      "f":0.7363359137
    },
    "Chemical":{
      "p":0.9020013803,
      "r":0.7281337047,
      "f":0.8057953144
    }
  },
  "speed":13174.8200697715
}