{
  "token_acc":1.0,
  "token_p":0.9994390351,
  "token_r":0.9997194389,
  "token_f":0.9995792173,
  "ents_p":0.7935901886,
  "ents_r":0.6992557855,
  "ents_f":0.7434424453,
  "ents_per_type":{
    "Disease":{
      "p":0.744083225,
      "r":0.6466998192,
      "f":0.6919821018
    },
    "Chemical":{
      "p":0.8332638599,
      "r":0.7424326834,
      "f":0.7852302858
    }
  },
  "speed":13617.1608637003
}