{
  "token_acc":1.0,
  "token_p":0.9994390351,
  "token_r":0.9997194389,
  "token_f":0.9995792173,
  "ents_p":0.4109657114,
  "ents_r":0.2529309818,
  "ents_f":0.3131389625,
  "ents_per_type":{
    "Disease":{
      "p":0.3056318681,
      "r":0.2011754069,
      "f":0.2426390403
    },
    "Chemical":{
      "p":0.50912,
      "r":0.295450325,
      "f":0.3739130435
    }
  },
  "speed":13415.6861618999
}